{
    "dt": 0.03333333333333333,
    "joint_angles_filtered": {
        "LElbow": [
            -2.795012412092984,
            -2.7243569495955473,
            -2.6500627854168375,
            -2.576633467272421,
            -2.5121512205677,
            -2.457582496304822,
            -2.4066383167157617,
            -2.358607786971848,
            -2.3268336773003786,
            -2.3280839042786816,
            -2.3610154158130756,
            -2.397104272423165,
            -2.396773085124947,
            -2.338488092492017,
            -2.2354720287221164,
            -2.126504007722235,
            -2.0511454447879998,
            -2.0309754798141633,
            -2.0677024236002377,
            -2.151269278396239,
            -2.265868928992225,
            -2.390644053608824,
            -2.500686219327401,
            -2.573203082166914,
            -2.5969874406026343,
            -2.5784255606296256,
            -2.538170864287693,
            -2.499224806945709,
            -2.4748612363957907,
            -2.4652948983266083,
            -2.4632866267622875,
            -2.4610605717916854,
            -2.452769681777374,
            -2.433613272473435,
            -2.399851499187476,
            -2.352012894959926,
            -2.2991600917208195,
            -2.2585435242262704,
            -2.247254335756174,
            -2.2705392235744535,
            -2.3165625171382502,
            -2.362870282088248,
            -2.3900676350782897,
            -2.3926543695847227,
            -2.3797474395921574,
            -2.366598687301549,
            -2.3644705484426667,
            -2.375874348858749,
            -2.395927005011908
        ],
        "RElbow": [
            -1.6238061833568003,
            -1.6253284809168895,
            -1.6263380448810063,
            -1.625422785285888,
            -1.62184834608752,
            -1.6180615348820258,
            -1.6205048763301477,
            -1.6363225943381896,
            -1.6675439386567479,
            -1.7082238249298602,
            -1.7487680676042636,
            -1.785092167998069,
            -1.824067581149476,
            -1.8771351862095156,
            -1.9429102884640006,
            -1.992263519131937,
            -1.974127115973226,
            -1.847148418526651,
            -1.6177755160866967,
            -1.3526009489284834,
            -1.148516114046147,
            -1.0782826485353736,
            -1.1515669909647113,
            -1.3198153731279765,
            -1.5164837261903403,
            -1.6975606681547744,
            -1.8551515182915959,
            -2.00475340126772,
            -2.1637158593978607,
            -2.3343910609936693,
            -2.4951474236369697,
            -2.600102180201176,
            -2.592314355428826,
            -2.4328251565898595,
            -2.1339459799082947,
            -1.7718633074396153,
            -1.4591723208831298,
            -1.2856633118852767,
            -1.2667394285887037,
            -1.3416926668451667,
            -1.4245683042931592,
            -1.462849671754361,
            -1.4567888763495134,
            -1.435637202251077,
            -1.4236825038677883,
            -1.4252765218522365,
            -1.431605268455982,
            -1.4344630067268667,
            -1.4334834795871398
        ],
        "LKnee": [
            1.6270513899694279,
            1.710410328697583,
            1.8159166682249734,
            1.9701226441328104,
            2.1926107590172017,
            2.4714422130352167,
            2.747879070197276,
            2.931933239206824,
            2.946957156413183,
            2.776754492702591,
            2.4838198174436785,
            2.1842001911801887,
            1.991640341280994,
            1.9648954906208127,
            2.0900926305439786,
            2.3029270357895224,
            2.527186662827033,
            2.702362961960827,
            2.7918316818247084,
            2.7807673612022086,
            2.674491282164864,
            2.4986391457326196,
            2.2952789990710922,
            2.110737517225152,
            1.9789450893971638,
            1.9103048472004676,
            1.8936821549607845,
            1.9091912184903508,
            1.9409064171301655,
            1.9806023084688589,
            2.024553722039167,
            2.0723636175666935,
            2.1308017791393206,
            2.213897739662994,
            2.329201273276424,
            2.456671007370662,
            2.547597746006926,
            2.5675670810681823,
            2.56302374771728,
            2.6732378130714913,
            3.0115239217268357,
            3.4564780708846468,
            3.55999289115641,
            2.7875685164248547,
            1.0110552729970557,
            -1.200302458334644,
            -2.888896555968935,
            -3.436872684752564,
            -3.0715920910501255
        ],
        "RKnee": [
            1.9557614832756418,
            1.8390677129731932,
            1.8036895581894117,
            1.900137882701114,
            2.125085489981275,
            2.418230840769458,
            2.687195218869073,
            2.8507161472369558,
            2.874501785618778,
            2.779401705315052,
            2.623006173857892,
            2.4709133205059985,
            2.3728830931167004,
            2.3509406808887983,
            2.4000728154936204,
            2.4974423657367257,
            2.612647648084316,
            2.713193802350317,
            2.766549477471961,
            2.745440753380685,
            2.639060609587026,
            2.463326429896702,
            2.25961937512744,
            2.0788166189773314,
            1.959165438432563,
            1.911955576800077,
            1.923359380964115,
            1.9686318791060307,
            2.0261003512233198,
            2.080989209316143,
            2.120936889543214,
            2.1338736121510347,
            2.1147427908578127,
            2.074776735294057,
            2.0409950539460473,
            2.0425110847713968,
            2.093881185852592,
            2.188236264271511,
            2.3035320595332536,
            2.4159237930200312,
            2.5114312267848398,
            2.5890119484169962,
            2.6542593976347364,
            2.710750366078293,
            2.757264211412881,
            2.7913860466856026,
            2.81345658921789,
            2.8268681854948583,
            2.836130946032733
        ],